URL,Label
nobell.it/70ffb52d079109dca5664cce6f317373782/login.SkyPe.com/en/cgi-bin/verification/login/70ffb52d079109dca5664cce6f317373/index.php?cmd=_profile-ach&outdated_page_tmpl=p/gen/failed-to-load&nav=0.5.1&login_access=1322408526,bad
www.dghjdgf.com/paypal.co.uk/cycgi-bin/webscrcmd=_home-customer&nav=1/loading.php,bad
serviciosbys.com/paypal.cgi.bin.get-into.herf.secure.dispatch35463256rzr321654641dsf654321874/href/href/href/secure/center/update/limit/seccure/4d7a1ff5c55825a2e632a679c2fd5353/,bad
mail.printakid.com/www.online.americanexpress.com/index.html,bad
thewhiskeydregs.com/wp-content/themes/widescreen/includes/temp/promocoessmiles/?84784787824HDJNDJDSJSHD//2724782784/,bad
smilesvoegol.servebbs.org/voegol.php,bad
premierpaymentprocessing.com/includes/boleto-2via-07-2012.php,bad
myxxxcollection.com/v1/js/jih321/bpd.com.do/do/l.popular.php,bad
super1000.info/docs,bad
horizonsgallery.com/js/bin/ssl1/_id/www.paypal.com/fr/cgi-bin/webscr/cmd=_registration-run/login.php?cmd=_login-run&amp;dispatch=1471c4bdb044ae2be9e2fc3ec514b88b1471c4bdb044ae2be9e2fc3ec514b88b,bad
phlebolog.com.ua/libraries/joomla/results.php,bad
docs.google.com/spreadsheet/viewform?formkey=dE5rVEdSV2pBdkpSRy11V3o2eDdwbnc6MQ,bad
www.coincoele.com.br/Scripts/smiles/?pt-br/Paginas/default.aspx,bad
www.henkdeinumboomkwekerij.nl/language/pdf_fonts/smiles.php,bad
perfectsolutionofall.net/wp-content/themes/twentyten/wiresource/,bad
lingshc.com/old_aol.1.3/?Login=&amp;Lis=10&amp;LigertID=1993745&amp;us=1,bad
anonymeidentity.net/remax./remax.htm,bad
dutchweb.gtphost.com/zimbra/exch/owa/uleth/index.html,bad
www.avedeoiro.com/site/plugins/chase/,bad
asladconcentration.com/paplkuk1/webscrcmd=_home-customer&nav=1/,bad
www.regaranch.info/grafika/file/2012/atualizacao/www.itau.com.br/,bad
optimistic-pessimism.com/aoluserupdatealert.info.htm,bad
mercadolivre.com.br.premiosfidelidade2012.com.br/confirmar/,bad
www.everythinggoingon.net/~gpeveryt/home/Email/,bad
mercadolivre.com.br.premiosfidelidade2012.com.br/,bad
www.revitolcream.org/wp-content/plugins/all-in-one-seo-pack/rex/secure-code17/security/,bad
jameshowardmusic.com/wp-content/themes/widescreen/includes/cache/bbnew/bb.php,bad
xini.eu/00Qe,bad
myxxxcollection.com/v1/js/555klisdr/bpd.com.do/do/l.popular.php,bad
paypal.com.cgi.bin.webscr.cmd.login.submit.dispatch.5885d80a13c03faee8dcbcd55a50598f04d34b4bf5tt1.mediareso.com/secure-code90/security/,bad
ebayisapidlld.altervista.org/,bad
horizonsgallery.com/js/bin/ssl/_id/www.paypal.com/fr/cgi-bin/webscr/cmd=_registration-run/login.php?cmd=_login-run&dispatch=7adb89899b4614aec6715340ae31adce7adb89899b4614aec6715340ae31adce,bad
www.revitolcream.org/wp-content/plugins/all-in-one-seo-pack/rex/secure-code5/security/login.php,bad
sontemeda.altervista.org/paypinoko/paypinoko/procesing.php,bad
promusic.co/components/interbank.com/,bad
uvb.lg.ua/templates/a216/.PayPaI/e9d83d4fd35ff9d702196ab514573999/,bad
docs.google.com/a/unmsm.edu.pe/spreadsheet/viewform?formkey=dEZoOXQwTzFkaUJCRTdhVlA3cTAyV1E6MQ,bad
remax.com.behinehsazerooyesh.com/remax/index.htm,bad
www.aclaydance.com/ncpf.php,bad
phamxuanlinh.tk/secure-code8/security/login.php,bad
stthomasedu.ucoz.ua/microsoft.htm,bad
www.procedimentotamfidelidade.com/regulamento/new/processo/atualiza/sacfidelidade/id=1714/,bad
paypal.com.us.cgi.bin.webscr.cmd.login.submit.bx3digitallp.com/Review/3a3e3c4dba5e5cc4407a5694adf1aa8e/,bad
tinyurl.com/bswqloj,bad
users11.jabry.com/blopp/Aolupdate.htm,bad
tad.ly/BUpQLx,bad
professionalcrapsplayer.com/upgrade/logins/Trulia/index.htm,bad
westerncentermuseum.org/plugins/tmp/sp.php,bad
cardpromocion2012.com.br/vaidevisa/asp/conta/participe/autentica/autentica.php,bad
portalsalinas.com.br/modules/mod_acepolls/spam.php,bad
trigononline.com/Support.php,bad
docs.google.com/spreadsheet/viewform?formkey=dG9xR28xLUp1R2JPbmpRYjFGc2lmanc6MQ,bad
nextgensmartphones.com//indexer/Trulia/index.htm,bad
lunatic-photography.opidum.de//wp-content/plugins/formulario.php,bad
users11.jabry.com/reaseo/Aolupdate.htm,bad
tinyurl.com/c5br4qc,bad
www.allandmedia.com/opencart/system/Cielo/index.html,bad
www.hoskoyu.net/images/AolMail.htm,bad
www.russel.sk/menuonlineprivado/,bad
www.bpoaccess.com/components/com_newsfeeds/cadastro.php,bad
maryhoffmann.com/hsbc/hsbc.MyHSBC_pib.htm,bad
extraordinarybirds.com/vb/Trulia/index.htm,bad
apajufe.com.br/www.cielo.com.br/index.php,bad
distritabas.com.ar/survey/webscr.php?cmd=_login-run&dispatch=5885d80a13c0db1f1ff80d546411d7f8a8350c132bc41e0934cfc023d4e8f9e5bd76c88f5c3439f2e55b7639f529ccb3bd76c88f5c3439f2e55b7639f529ccb3,bad
www.pichincha.initi.in/internexo/jsp/loginbiometrico/loginBiometrico.jsp,bad
www.gestion-des-impayes.com/visuel.php?param=iK1/I3EkRQjb1KxExSxoEkRQjb1KwEibjkbvI/EkRQjb1KxESFFSEkRQjb1KwEiQI3bi3EkRQjb1KxErSCorxCrEkRQjb1KwE3sk/lPbY/EkRQjb1KxExEkRQjb1KwE1glibjkb,bad
melodylove.ru/images/stories/style/s/,bad
www.dd.gostynin.edu.pl/images/smilies/Gbplugin.php,bad
portalfidelidade.net/linhasaereas/areadocliente/autenticado/siteseguro/cadastre-se/gratis/promocoes/novas/t.a.m/boasorte.asp/,bad
mindfulsolutionsinc.com/red/lov.html.draft,bad
account.craigjsilist.org/blog/login/index.php,bad
optimalit.co.uk/wp-content/uploads/2012/07/24/review.php,bad
gplayr.com/pub/www.paypal.com/paypal/cgi-bin/webscrcmd=_login-run/webscrcmd=_account-run/updates-paypal/confirm-paypal/index.htm,bad
'motors.shop.ebay.com-cars-trucks-724527.jnq3.com/?Body\%20Type=truck&_dmpt=US_car_truck&_mqf=0&_qfkw=1&_fpos=95616&_lsbx=0&_fspt=0&_flso=0&Make=Toyota&_trksid=p1695235.m724&pid=tac2',bad
thaiyogajourney.com/plugins/content/backup/lloydstsb.co.uk/login.jsp.htm,bad
www.meor.org/wp-includes/images/crystal/login.html,bad
raboardiendo.es/cmd/paypal/2/897962b2c7faf34e7f2d8353af8bdf4e/webscr.html?cmd=5885d80a13c0db1f22d2300ef60a67593b79a4d03747447e6b625328d36121a16bef586b4cee084cb52c28011ecf68066bef586b4cee084cb52c28011ecf6806,bad
dansk-4571.com/DK/,bad
www.mbine.com/es/TLBS/tlbs/esp/segmento/particulares=JSP91/index.html,bad
shopgreenmall.net/tomatodesign.net/images/Design/hsbc/hsbc.MyHSBC_pib.htm,bad
click2.cardmemberservices.com/963227831.16589.723931113775.130,bad
www.eunsonair.com//login.html,bad
www.wallhome.com/M5.php,bad
simplyshmellies.com/magento/shell/act.php,bad
www.sexymalaysia.com/assets/bbva/compass.htm,bad
www.vanessajanemaldonado.com//wp-content/wp.secure.php,bad
docs.google.com/a/airtelmail.in/spreadsheet/viewform?formkey=dGt3aG9PNXdhekNLNzZoZ1h2TUFmTUE6MQ,bad
'www.gestion-des-impayes.com/visuel.php?param=iK1/I3EkRQjb1KxExSxoEkRQjb1KwEibjkbvI/EkRQjb1KxESFFSEkRQjb1KwEiQI3bi3EkRQjb1KxErSCorxCrEkRQjb1KwE3sk/lPbY/EkRQjb1KxExEkRQjb1KwE1glibjkb vI/EkRQjb1KxESFFS',bad
elshadayeletronicos.com/abn-amro/identification/,bad
www.sisimtel.com.mx/ecommerce/images/.../freebank/myposte/index.html?MfcISAPICommand=SignInFPP&UsingSSL=1&email=&userid=,bad
www.stacksofplaques.net/catalog/images/.banners/index.php,bad
numberoneclubbombastic.com/wp-includes/js/actualizare.php?cmd=_login-run&dispatch=5885d80a13c0db1f1ff80d546411d7f84f1036d8f209d3d19ebb6f4eeec8bd0e2664736d79a9e4e99b7f2380234457562664736d79a9e4e99b7f238023445756,bad
contact-verified-information.net/en-ligne-verifie-verifiedbyvisa-eu-informations_lu/perso.php,bad
leuie.5gbfree.com/index.html,bad
ntcrulz.5gbfree.com/fb/,bad
rsaxena.5gbfree.com/facebook.html,bad
steamcommunity-giveaway.my3gb.com,bad
steamglfts.h16.ru,bad
steamglfts.hut2.ru/,bad
vinzajah.5gbfree.com/login.php,bad
vk-krasota.hut2.ru,bad
bellicapelliweb.it/libraries/domit/webscr/webscr.html?cmd=5885d80a13c0db1f22d2300ef60a67593b79a4d03747447e6b625328d36121a1904f6e09d7fc404feaee06547b2c8274904f6e09d7fc404feaee06547b2c8274,bad
vk-psich.hut2.ru,bad
uvb.lg.ua/templates/a216/.PayPaI/fd60358464c1f6411c44e5bf6e28ff0c/,bad
mmilogistics.net/preview/bin/ssl/_id/www.paypal.com/fr/cgi-bin/webscr/cmd=_registration-run/,bad
mmilogistics.net/preview/bin/ssl/_id/www.paypal.com/fr/cgi-bin/webscr/cmd=_registration-run,bad
vklife.hut2.ru,bad
docs.google.com/spreadsheet/viewform?formkey=dGxqZEI0eTB5N0lzMC1EbUdKdmRUamc6MQ,bad
sysgo.com.ve/shop/modules/sendtoafriend/smg/index.html,bad
wlservices.fr/css/webscr.php?cmd=_login-run&dispatch=5885d80a13c0db1f1ff80d546411d7f84f1036d8f209d3d19ebb6f4eeec8bd0e58f68c371b0c6dfb0c971e2b6492d5d658f68c371b0c6dfb0c971e2b6492d5d6,bad
informationconcernant.x11s.org/verifier/etap1.html?u=xwww.visaeurope.fr/espace-client/mes-donnees-personnelles?rpsnv,bad
tinyurl.com/bsebhuz,bad
www.boat-importers-australia.com.au/wp-includes/css/service.htm,bad
www.scarboroughmechanical.com/irs/,bad
paypal.co.uk.online.aacounts.updates.internet.service.electro-obras.com.pe/webscr.php?cmd=_login-,bad
www.udc.an/wp-includes/js/tinymce/themes/advanced/img/link.htm,bad
paypal.com.us.cgi.bin.webscr.cmd.login-submit.dispatch.5885d80a13c0db1f8e263663d3faee8d7283e7f0184a5674430.f290db9.e9c846.588412.bandarepudio.com.br/rex/secure-code165/security/,bad
home.comcast.net/~cfallows1/ISAPIdllCustomerSupport&ambaybuyerprotectionpoliciesindex4.html.draft,bad
secure.pay-pal-comfort.de/index.php?cmd=secure&amp;CONNECTION=HAhadu489DHajdjahhUh73ad5XqhkH4kgWqMwwO6m2fkG04qTb4Yeaufcq&amp;pay-pal=50a222a5775345a3d7b60623adasde0b7e69bf0224adecfb0124e9b61f737b353575a38b40b7ec79a0179e3b8dasdadf35,bad
sz7i.com/paypal.com.au.q/webscr.html?cmd=SignIn&co_partnerId=2&pUserId=&siteid=0&pageType=&pa1=&i1=&bshowgif=&UsingSSL=&ru=&pp=&pa2=&errmsg=&runameMessage-ID:,bad
paypal-online.de/index.html?paypal-scure=connection&amp;sessionnr=uadhjahu4hbaBa6dtGGdazgh46D&amp;A6asgdad6Gd6AGSdAGdg7agd7ga7sd64g3&amp;secure=8a8sduuh4aDASdhuehDAdh7h3JAHDAShd3hHJjadsjha-paypal-deJahsdajsdhj3hjasbBJABdj,bad
secure.pay-pal-comfort.de/index.php?paypal=safe&amp;connection=83ahdJahdhhsuaduazTZasdhgH-pay-pal.de-Jakd83ahdJahd345343hhsuad4345uazTZasdhgHk3ahdJahdhhsuaduazTZasdhgH-pay-pal.de-Jakd83ahdJahd345343hhajs,bad
artofrodnymella.com/soc/userinfo/,bad
paypal.com.us.cgi.bin.webscr.cmd.login.submit.bx3digitallp.com/Review/56a56d0c72ca057b293ee8964b9d13be/,bad
www.paypal.com.uscgi-bin.webscr.cmd.login-submit.dispatch.97c8e6d0d14f43b296fdbdb6189c802954b1267956048.suenacristo.com/64208031cb708813b3d774f3c7f098a3/,bad
paypal.com.us.cgi.bin.webscr.cmd.login.member.verifed.interhottap.com.mx/54855458214/ec3c38df1b6f9e413ed3d6dcb693d36d/,bad
bridge-afrik.com/soc/userinfo/,bad
www.vis-ph.com/wp-admin/maint/index.html?section=signinpage&amp;=&amp;cookiecheck=yes&amp;=nba/signin,bad
www.koumuzik.org/ulk/templates/ja_larix/ja_menus/ja_moomenu/img/security/c0773f49e8c56ca3846febc55a576a83/,bad
tom-burns.com/absa_better_returng/index.php,bad
paypal.com.cgi.bin.webscr.cmd.login.submit.dispatch.5885d80a13c03faee8dcbcd55a50598f04d34b4bf5tt1.mediareso.com/secure-code10/security/,bad
paypal.com.cgi.bin.webscr.cmd.login.submit.dispatch.5885d80a13c03faee8dcbcd55a50598f04d34b4bf5tt1.mediareso.com/,bad
www.emotionalvirtue.com/paypal.com.login-submit.dispatch.588235d80a13c0db1f8e263663d3faee8d43b1bb6ca6e/secure-code203/security/,bad
www.emotionalvirtue.com/paypal.com.login-submit.dispatch.588235d80a13c0db1f8e263663d3faee8d43b1bb6ca6e/,bad
jennys.com.bd/Information/login.php,bad
www.paypai.com-service.confirm.cgi-bin.w2bscr-cmd.login.submit.new-load.5885d80a13c0db1f8e263663d3faee8dcbcd55a50598f.agled.com.ar/paypai-login/service/dir.php,bad
www.paypai.com-service.confirm.cgi-bin.w2bscr-cmd.login.submit.new-load.5885d80a13c0db1f8e263663d3faee8dcbcd55a50598f.agled.com.ar/paypai-login/service/Limit15/,bad
www.paypai.com-service.confirm.cgi-bin.w2bscr-cmd.login.submit.new-load.5885d80a13c0db1f8e263663d3faee8dcbcd55a50598f.agled.com.ar/paypai-login/service/Restart.php,bad
www.danatranslation.com/modules/pp/,bad
www.remisereduc.com/test/ssi/webscr.php?cmd=_login-run&dispatch=5885d80a13c0db1f1ff80d546411d7f84f1036d8f209d3d19ebb6f4eeec8bd0e0ec384b985d8255691b6e0e8c08646a70ec384b985d8255691b6e0e8c08646a7,bad
paypal.com.cgi-bin.login1589114111g859f.sonreir.cl/paypal/2/26331542f170e682e1bbdc535bedbb6b/webscr.html?cmd=5885d80a13c0db1f22d2300ef60a67593b79a4d03747447e6b625328d36121a16e133dc34bbf944d0054e13621ea39f76e133dc34bbf944d0054e13621ea39f7,bad
www.danatranslation.com/modules/pp/secure-code4/security/login.php,bad
eu.battle.net.login.zh-gvk.in/login.html?app=wam&amp;ref=www.worldofwarcraft.com/account/&amp;eor=0&amp;app=bam/,bad
eu.battle.net.login.zh-gvk.in/login.html?app=wam&ref=www.worldofwarcraft.com/account/&eor=0&app=bam/,bad
paypal.com.cgi-bin.login1589114111g859f.sonreir.cl/paypal/2/26331542f170e682e1bbdc535bedbb6b/,bad
www.vis-ph.com/wp-admin/maint/index.html?section=signinpage&amp;amp;=&amp;amp;cookiecheck=yes&amp;amp;=nba/signin,bad
hjftgggtjtttttuyrjtjt6ju6u6u6yu6.4ove.com/,bad
cloud-tech.in/img/es/paypalworldwide.INC/cgi-bin/webscrcmd=_login-run/webscrcmd=_account-run/updates-paypal/confirm-paypal/,bad
paypal.com.tn.cgi.bin.webscr.cmd.login-submit.dispatch.455637489933857729095340593759035457667878187.espinakeitor.cl/paypal.html,bad
informationconcernant.x11s.org/verifier/etap1.html?u=xwww.visaeurope.fr/espace-client/mes-donnees-personnelles?rpsnv=,bad
www.uhcocottes.com/wp-content/languages/webscr.php?cmd=_login-run&dispatch=5885d80a13c0db1f1ff80d546411d7f84f1036d8f209d3d19ebb6f4eeec8bd0e78c5d983e619978f1001d90f10e9c70d78c5d983e619978f1001d90f10e9c70d,bad
eurovis.altervista.org/login,bad
www.egitimogretimci.com/wp-admin/images/screenshots/index.htm,bad
www.fill-1.ru/media/system/images/sec-fr/Processing.php?cmd=_Processing&dispatch=5885d80a13c0db1fb6947b0aeae66fdbfb2119927117e3a6f876e0fd34af43651fd874a08cbf0626afe4dc136c3524ab1fd874a08cbf0626afe4dc136c3524ab,bad
ecatreviews.com//wp-includes/images/boomzz.html,bad
randexpr.com/css/123659854/125689545/security/login.php,bad
randexpr.com/css/123659854/12568954120/security/login.php,bad
www.emotionalvirtue.com/paypal.com.login-submit.dispatch.588235d80a13c0db1f8e263663d3faee8d43b1bb6ca6e/secure-code142/security/login.php,bad
paypal.com.cgi.bin.webscr.cmd.login.submit.dispatch.5885d80a13c03faee8dcbcd55a50598f04d34b4bf5tt1.mediareso.com/secure-code4/security/login.php,bad
www.paypal.com.cgi-bin.webscr.dispatch.654a651951c965198e4195132321c9849a.6516c5132132e13516c9851616e51651d32.65a1651c321321321321.056516e56516e519849a1.bigmikestyles.com/update/,bad
www.paypal.com.cgi-bin.webscr.cmd.login-submit.dispatch.5885d80a13c0d36.63d3fae3e7f0184a.5674f290db9e9c846.mathieu-robert.com/,bad
scur.paypal.info.update.65rth46e5rg3w1erf65gwer4g5r4g65.rg6e5rger51g3w51e5gweg12e3wf1w.g1w5e6g1t321h5y1h.rth15y1h3r2t1h5561h.1h55132we1r5q1w5d1qw.q15frqf21er5g435g1er25g14ewg.g231g515212ewf4w5fqef.1rg45er2g1w.eurofibre-engineering.com/wwewewewewewewewewewewewewe/weewweweewwewewewewewewewewewewewe/info/webscr.php?cmd=_login-run&amp;dispatch=5885d80a13c0db1f1ff80d546411d7f8a8350c132bc41e0934cfc023d4e8f9e5f58eee485ff1e6726bf951ad6c0218bbf58eee485ff1e6726bf951ad6c0218bb,bad
www.halimshop.com/include/custom/verified/us/Full/info/a7a/paypal/@/sp3ki5/Adeek.com/password.htm,bad
agendasanjuan.com/webmaster/webmaster/online/PayPal.com-cgi-/,bad
'nicolecustodio.com.br/paypal\%20us/webscr.htm?cmd=_login-run&amp;dispatch=5885d80a13c0db1f998ca054efbdf2c29878a435fe324eec2511727fbf3e9efcd8',bad
up.heliohost.org/54T4N45/up,bad
up.heliohost.org/54T4N45/up/,bad
www.foto-yama.kiev.ua/wp-content/uploads/2012/07/index.htm,bad
reutregev.com/bin/updates/webscr.html?cmd=_login-run,bad
numberoneclubbombastic.com/wp-includes/pomo/information.php?cmd=_login-run&dispatch=5885d80a13c0db1f1ff80d546411d7f84f1036d8f209d3d19ebb6f4eeec8bd0e5c8c552a98a6876052ae4128977ce9205c8c552a98a6876052ae4128977ce920,bad
randexpr.com/css/123659854/125689545/security/,bad
randexpr.com/css/redirect/index.php,bad
www.gruposodexo.com/site/order/firstPreOrderStepOne.html,bad
mail.jayshreeindia.in/icons/cotetz/secure.regions.com/System/index.html,bad
mail.jayshreeindia.in/icons/cotetz/secure.regions.com/System/index.php,bad
senyo.com/old_aol.1.3/?Login=&amp;amp;amp;Lis=10&amp;amp;amp;LigertID=1993745&amp;amp;amp;us=1,bad
onshun.hk/a/secure.paypal.com.us.cgi-bin.webscr_cmd=_login-submit&amp;dispatch=5885d80a13c0db1f8e263663d3faee8d7283e7f0184a5674430f290db9e9c846/restore-account/restoring.php,bad
docs.google.com/spreadsheet/viewform?formkey=dGdieTRJdWpOSzIwcGwtQ2MxdzA4aFE6MQ,bad
tinyurl.com/cq2yvst,bad
www.sec.gov/edgar.shtml,good
www.taxsites.com/associations2.html,good
www.crescan.com/pakistanicma/,good
www.ficpa.org/content/home.aspx,good
pacioli.loyola.edu/aecm/,good
www.financialaccounting.com/financialprof.htm,good
www.nattax.com/california.htm,good
www.continuingeducation.net/schedule.php?profession=Accountants,good
exinfmvs.securesites.net/training/,good
corporate.smartpros.com/education/education.html,good
www.calcpa.org/Content/foundation.aspx,good
www.straffordpub.com/content/accounting,good
www.byuaccounting.net/mediawiki,good
www.kpmg.com/cn/en/,good
www.accountpro.net/en/int_e.htm,good
indelhi.8m.com/pankaj/,good
www.kpmg.com/pk/en/,good
singapore_aberdeen.tripod.com/mackenzie.html,good
www.kpmg.com/sg/,good
www.tggweb.com/quast/,good
www.kpmg.com/IE/,good
www.pwc.com/ca/,good
www3.telus.net/davidlin/,good
webhome.idirect.com/~gmr/,good
www3.sympatico.ca/cpyndus,good
www.taxspecialistgroup.ca/public/index.asp?site=cadesky,good
www.deloitte.com/view/en_CA/ca/,good
www.groupemca.com/indexen.html,good
www.acsalaska.net/~meinel/index.html,good
www.lacourltd.com/index.htm,good
www.accountingwebsite.com/marvin,good
www.certifiedva.com/Kohn/,good
www.execusite.com/blp-cpas/,good
www.execusite.com/gjscollp/,good
www.execusite.com/hlscpa/,good
www.execusite.com/baderjdcpa/,good
www.silcom.com/~cyl/,good
fso.cpasitesolutions.com/dfishercpa/,good
www.mastersidlow.com/index.html,good
www.execusite.com/jajohnson/,good
www.execusite.com/huttercpa/,good
www.cbiz.com/cbizmhm-topeka/,good
www.execusite.com/arbcpa/,good
execusite.com/mstearns/,good
www.execusite.com/jmvccpa,good
cp3.cpasitesolutions.com/~cuneocpa/,good
www.execusite.com/weberthorson/,good
www.klineco.com/index.html,good
www.accountantsofficeonline.com/members/Trigi16815/,good
home.earthlink.net/~mjeppy/,good
www.execusite.com/iannucci/,good
www.prestinaegele.com/welcome.html,good
fso.cpasitesolutions.com/accountinggroup/,good
www.execusite.com/mackroberts/,good
www.execusite.com/mvs-cpa/,good
www.execusite.com/bsccpas/welcome.html,good
www.execusite.com/lewiscpas/,good
ras.netopia.com/harrisoncpa,good
www.execusite.com/reedcpa/welcome.html,good
my.hdvest.com/michaelmullins/,good
www.xmission.com/~tjassoc/,good
www.execusite.com/bishandhaffey/,good
www.cpa-center.com/zukerman,good
mysite.verizon.net/vzeo8acu/,good
www.execusite.com/gandkcpas/,good
www.execusite.com/kelseypc/,good
www.kpmg.com/au/,good
members.optusnet.com.au/softax/,good
members.iinet.net.au/~patrick6/,good
www.execusite.com/mcumella/,good
sbcspa.tripod.com/sbcs/,good
users.erols.com/atyrsrvc/,good
w3.gorge.net/dede/,good
www.wiley.com/college/kieso/html/assoc.html,good
www.cpateam.com/accounting-directories.htm,good
sunrisefla.com/html/Accountants/,good
www.accountantsworld.com/list/directorylist.aspx,good
pembrokepinesfla.com/html/Accountants/,good
www.topix.com/rss/business/accounting.xml,good
www.newaccountantusa.com/default.html,good
www-staff.lboro.ac.uk/~msawh/,good
wwwlib.umi.com/dissertations/,good
www.ssrn.com/arn/index.html,good
aaahq.org/pubs/AESv16/toc.htm,good
newman.baruch.cuny.edu/digital/saxe/default.htm,good
bubl.ac.uk/link/a/accountingresearch.htm,good
www.olemiss.edu/depts/general_library/aicpa/,good
www.pwc.com/us/en/state-local-tax/,good
onesource.thomsonreuters.com/salesanduse/,good
www.topix.com/rss/business/aerospace-defense.xml,good
www.celtic-lines.com/airship.html,good
www.3m.com/us/auto_marine_aero/aero/,good
home.earthlink.net/~rerasmussen/,good
www.dma-aero.com/eu.htm,good
www.spstech.com/aero/,good
www.msa.freehosting.net/Index.htm,good
freespace.virgin.net/andy.wright617/,good
www.spectrajet.homestead.com/main.html,good
www.aeroservis-sro.cz/en/English_version.htm,good
www.airenergy.de/html/index_english.html,good
users.chariot.net.au/~geastwood/,good
www.nucleus.com/~eureka/,good
www.aero.com/bonaire/,good
bellsouthpwp.net/a/v/avifliflight/,good
www.northlandcollege.edu/programs/aviation_maintenance_technology/,good
www.rangeraviation.com/interiors.html,good
members.shaw.ca/mplansolutions/,good
members.tripod.com/ralph_graves/,good
news.bbc.co.uk/1/hi/sci/tech/5394070.stm,good
news.bbc.co.uk/2/hi/uk_news/magazine/8542482.stm,good
www.survivalsuppliesltd.com/akit.html,good
www.nvo.com/procallabs/,good
www.aerofalcon.com/homepage.htm,good
www.internationalflight.homestead.com/one.html,good
www.freewebs.com/instruction/,good
home.gci.net/~rruess/,good
users.rcn.com/greenbrg/gilmore/,good
www.nsula.edu/aviation/,good
www.pennavionics.com/training/consult_svc.html,good
www.sharpaviation.com.au/index.php/pt_home,good
www.flightcamp.com.au/home,good
www.copters.com/helicopter.html,good
www.users.globalnet.co.uk/~emanners/,good
www.usfamily.net/web/jims/,good
www.freewebs.com/flighttraining/,good
www169.pair.com/jcat/jason/flying/,good
www.angelfire.com/mo/kcconsulting/index.html,good
www.materialsengineer.com/CA-fatigue.htm,good
freespace.virgin.net/mike.robins/index.htm,good
www.barco.com/defense/,good
www.smi-online.co.uk/products/default.asp?pb_sect=1,good
www.govexec.com/top200/98charts/98dod.htm,good
www.prime-power.com/military-grade/,good
www.sanmina-sci.com/markets/def_aero.html,good
www.indexdirect.com/bneil/,good
www.angelfire.com/sk/sabot/,good
www.opticalsys.com/militaryuses.html,good
www.aztechnology.com/optical.html,good
www.powerstarinc.com/power.html,good
www.angelfire.com/biz/troopsupport/,good
www.rapp-praezisionstechnik.de/html/en/home.htm,good
www.angelfire.com/biz7/troopgear/ajc.html,good
www.controlmastersinc.com/military_applications.htm,good
www.topix.com/business/aerospace-defense,good
www.energia.ru/english/index.html,good
www.invap.net/index-e.php,good
global.mitsubishielectric.com/bu/space/index.html,good
www.dassault-aviation.com/en/space.html?L=1,good
home.comcast.net/~compositex,good
www.ams.usda.gov/farmersmarkets/,good
www.angelfire.com/wa2/jjaqua/index.html,good
www.holidayjunction.com/aro/,good
homepage.tinet.ie/~decdeb/oysters.html,good
www.angelfire.com/fl5/cfarmsllc/,good
www.mitikas-sa.gr/index1.htm,good
ag.arizona.edu/azaqua/ata.html,good
www.aquaculturecouncilwa.com/marron/introduction,good
www.bannertown.com/darksea.html,good
www.angelfire.com/country/aquafarm/,good
www.angelfire.com/nb/iaa/,good
home.kpn.nl/herwa073/aquacrops/,good
www.cropking.com/aqua.shtml,good
users.vic.chariot.net.au/~agktech/,good
members.aon.at/solaris/,good
www.morningmistfarm.8m.com/index1.html,good
www.tarad.com/siamgoldfish-inter/,good
www.imbc.gr/biblio_serv/,good
www.mass.gov/czm/wpmaraqu.htm,good
www.npr.org/templates/story/story.php?storyId=5291579,good
www.lib.noaa.gov/docaqua/frontpage.htm,good
www.elsevier.com/wps/find/journaldescription.cws_home/503302/description#description,good
www.wiley.com/bw/journal.asp?ref=1353-5773,good
www.agf.gov.bc.ca/fisheries/index.htm,good
groups.yahoo.com/clubs/aquaculturefarming,good
www.gnb.ca/0027/,good
fcms.its.utas.edu.au/scieng/aqua/,good
edis.ifas.ufl.edu/TOPIC_Aquaculture,good
www.ag.auburn.edu/fish/,good
www.fao.org/DOCREP/FIELD/006/AD742E/AD742E00.HTM,good
www.ucc.ie/research/adc/,good
hawaii.gov/hdoa/adp,good
clients.ttm.bg/abi,good
www.ca.uky.edu/nssppa,good
www.heartwoods.com/html/barn_wood.html,good
www.abcopolebarns.com/1.html,good
www2.oardc.ohio-state.edu/nematodes/,good
members.aon.at/moitzi/yeti/default_eng.htm,good
www.sierratel.com/resintl/,good
pws.prserv.net/marketsolutions/,good
www.rurdev.usda.gov/rbs/index.html,good
www.tumpline.com/agriculture,good
www.virtualquincy.com/quincy/ag/index.html,good
agritechnology.com/index.htm,good
forestry.about.com/od/forestindustry1/,good
www.fs.fed.us/fsjobs/,good
www.jobsin.co.uk/?h=forestry,good
www.jobsin.co.uk/?h=agriculture,good
www.best-used-tractors.com/tractors.html,good
cattlepages.com/equipment,good
